name,pos,rank,value
Nikola Jokic,C,1,65
Shai Gilgeous-Alexander,PG,2,62
Luka Doncic,PG,3,61
Victor Wembanyama,C,4,60
Giannis Antetokounmpo,PF/C,5,59
Jalen Johnson,PF,6,58
Cade Cunningham,PG,7,57
Anthony Edwards,SG/SF,8,56
Jayson Tatum,SF/PF,9,55
Donovan Mitchell,PG/SG,10,54
Domantas Sabonis,PF/C,11,53
Tyrese Maxey,PG/SG,12,52
Jalen Brunson,PG,13,50
Trae Young,PG,14,48
Scottie Barnes,SG/SF,15,46
Josh Giddey,PG/SG,16,45
Amen Thompson,SG/SF,17,44
Devin Booker,PG/SG,18,43
Tyrese Haliburton,PG/SG,19,42
Alperen Sengun,C,20,41
Kevin Durant,SF/PF,21,40
Karl-Anthony Towns,C,22,37
James Harden,PG/SG,23,36
Cooper Flagg,SF/PF,24,34
Pascal Siakam,PF,25,32
Jalen Duren,C,26,29
LaMelo Ball,PG,27,28
Jamal Murray,PG,28,27
Anthony Davis,PF/C,29,26
Deni Avdija,SF/PF,30,26
Bam Adebayo,PF/C,31,25
Kawhi Leonard,SF/PF,32,24
Jalen Williams,SF/PF,33,23
Evan Mobley,PF/C,34,22
Derrick White,PG/SG,35,21
Stephen Curry,PG,36,20
Darius Garland,PG,37,20
Kon Knueppel,SG/SF,38,20
Austin Reaves,PG/SG,39,19
Desmond Bane,SG/SF,40,17
Jaylen Brown,SG/SF,41,16
LeBron James,SF/PF,42,15
De'Aaron Fox,PG/SG,43,15
Mikal Bridges,SG/SF,44,14
Paolo Banchero,SF/PF,45,14
Nickeil Alexander-Walker,PG/SG,46,13
Michael Porter Jr.,SF/PF,47,13
Dyson Daniels,PG/SG,48,12
Julius Randle,PF,49,12
Lauri Markkanen,SF/PF,50,11
Dejounte Murray,PG/SG,51,11
Stephon Castle,PG/SG,52,10
Jarrett Allen,C,53,10
Kyrie Irving,PG,54,10
Tyler Herro,PG/SG,55,9
Naz Reid,PF/C,56,9
Brandon Ingram,SF/PF,57,8
Zion Williamson,PF/C,58,8
Franz Wagner,SF/PF,59,8
Brandon Miller,SG/SF,60,7
Damian Lillard,PG,61,7
Onyeka Okongwu,C,62,7
Keyonte George,PG/SG,63,7
Trey Murphy III,SG/SF,64,7
Norman Powell,SG/SF,65,7
Caleb Wilson,SF,66,6
Cameron Boozer,PF,67,6
Donovan Clingan,C,68,6
Walker Kessler,C,69,6
Rudy Gobert,C,70,5
Chet Holmgren,PF/C,71,5
Ty Jerome,PG/SG,72,5
Joel Embiid,C,73,5
Brandin Podziemski,PG/SG,74,4
Alex Sarr,PF/C,75,4
Matas Buzelis,SF/PF,76,4
Miles Bridges,SF/PF,77,4
Ivica Zubac,C,78,4
AJ Dybantsa,SF,79,4
CJ McCollum,PG/SG,80,4
Coby White,PG/SG,81,4
Jaren Jackson Jr.,PF/C,82,4
Ja Morant,PG,83,3
VJ Edgecombe,SG,84,3
Dylan Harper,PG/SG,85,3
DeMar DeRozan,SF/PF,86,3
Derik Queen,PF/C,87,3
Reed Sheppard,PG/SG,88,3
Fred VanVleet,PG/SG,89,3
Payton Pritchard,PG/SG,90,3
Immanuel Quickley,PG/SG,91,2
OG Anunoby,SF/PF,92,2
Josh Hart,SG/SF,93,2
Darius Acuff Jr.,PG,94,2
Kel'el Ware,C,95,2
Jaden McDaniels,SF/PF,96,2
Ryan Rollins,PG/SG,97,2
Ayo Dosunmu,PG/SG,98,2
Kristaps Porzingis,PF/C,99,2
Kevin Porter Jr.,PG/SG,100,2
Nikola Vucevic,C,101,2
John Collins,PF/C,102,2
Ausar Thompson,SF/PF,103,2
RJ Barrett,SG/SF,104,2
Andrew Wiggins,SF/PF,105,2
Tobias Harris,SF/PF,106,2
Darryn Peterson,PG/SG,107,2
Paul George,SF/PF,108,2
Nic Claxton,C,109,2
Jakob Poeltl,C,110,2
Jaime Jaquez Jr.,SG/SF,111,1
Collin Gillespie,PG,112,1
Keegan Murray,SF/PF,113,1
Peyton Watson,SF/PF,114,1
Jalen Green,SG/SF,115,1
Zach Edey,C,116,1
Quentin Grimes,SG/SF,117,1
Cedric Coward,SG/SF,118,1
Jeremiah Fears,PG/SG,119,1
Jabari Smith Jr.,PF/C,120,1
Myles Turner,C,121,1
Collin Sexton,PG/SG,122,1
Andrew Nembhard,PG/SG,123,1
Oso Ighodaro,PF,124,1
Daniel Gafford,C,125,1
Kyshawn George,SG/SF,126,1
Egor Demin,PG/SG,127,1
Jrue Holiday,PG/SG,128,1
Neemias Queta,C,129,1
Isaiah Hartenstein,C,130,1
Zach LaVine,SG/SF,131,1
Anthony Black,PG/SG,132,1
Julian Champagnie,SF/PF,133,0
Aaron Gordon,PF,134,0
Brook Lopez,C,135,0
Malik Monk,PG/SG,136,0
Day'Ron Sharpe,C,137,0
Ace Bailey,SF/PF,138,0
Dillon Brooks,SG/SF,139,0
Devin Vassell,SG/SF,140,0
Mitchell Robinson,C,141,0
Keldon Johnson,SF/PF,142,0
Scotty Pippen Jr.,PG/SG,143,0
Saddiq Bey,SF/PF,144,0
Jerami Grant,PF,145,0
Cason Wallace,PG/SG,146,0
Jake LaRavia,SF/PF,147,0
Draymond Green,PF/C,148,0
Kyle Filipowski,PF/C,149,0
Davion Mitchell,PG,150,0
Jalen Suggs,PG/SG,151,0
Toumani Camara,SF/PF,152,0
Dereck Lively II,C,153,0
Cameron Johnson,SF/PF,154,0
Jusuf Nurkic,C,155,0
Jonathan Kuminga,SF/PF,156,0
Tre Jones,PG,157,0
Isaiah Stewart,PF/C,158,0
P.J. Washington,SF/PF,159,0
Precious Achiuwa,PF/C,160,0
Mikel Brown Jr.,PG,161,0
T.J. McConnell,PG,162,0
Keaton Wagler,PG/SG,163,0
Bennedict Mathurin,SG/SF,164,0
Bobby Portis,PF/C,165,0
Moussa Diabate,PF/C,166,0
Jamal Shead,PG,167,0
Grayson Allen,PG/SG,168,0
Tim Hardaway Jr.,SG/SF,169,0
Scoot Henderson,PG/SG,170,0
Yaxel Lendeborg,SF/PF,171,0
Morez Johnson Jr.,PF/C,172,0
Alex Caruso,PG/SG,173,0
Wendell Carter Jr.,C,174,0
Dennis Schroder,PG,175,0
Yves Missi,C,176,0
Ryan Kalkbrenner,C,177,0
Santi Aldama,SF/PF,178,0
Bub Carrington,PG/SG,179,0
Isaiah Collier,PG,180,0
Duncan Robinson,SG/SF,181,0
Deandre Ayton,C,182,0
Royce O'Neale,SF/PF,183,0
Max Christie,SG,184,0
GG Jackson,PF,185,0
Collin Murray-Boyles,PF,186,0
Bradley Beal,SG/SF,187,0
Robert Williams III,C,188,0
Jaylon Tyson,SG/SF,189,0
Kyle Kuzma,SF/PF,190,0
Kingston Flemings,PG/SG,191,0
Brayden Burries,SG,192,0
Danny Wolf,PF/C,193,0
Kevin Huerter,SG/SF,194,0
Aaron Nesmith,SG/SF,195,0
Naji Marshall,SF/PF,196,0
Bilal Coulibaly,SG/SF,197,0
De'Anthony Melton,PG/SG,198,0
Kelly Oubre Jr.,SG/SF,199,0
De'Andre Hunter,SF/PF,200,0
Sam Hauser,SF/PF,201,0
Anfernee Simons,PG/SG,202,0
Tari Eason,SF/PF,203,0
Walter Clayton Jr.,PG/SG,204,0
Luguentz Dort,SG/SF,205,0
Rui Hachimura,SF/PF,206,0
Jimmy Butler III,SG/SF,207,0
Christian Braun,SG/SF,208,0
Max Strus,SF,209,0
Kris Dunn,PG/SG,210,0
Vit Krejci,PG,211,0
Brice Sensabaugh,SG/SF,212,0
Jalen Smith,PF/C,213,0
Jordan Poole,PG/SG,214,0
Isaiah Joe,SG,215,0
Khaman Maluach,C,216,0
Derrick Jones Jr.,SF/PF,217,0
Nique Clifford,SG/SF,218,0
Luke Kennard,SG,219,0
Al Horford,PF/C,220,0
Gradey Dick,SG/SF,221,0
Jared McCain,PG/SG,222,0
Herbert Jones,SF/PF,223,0
Nolan Traore,PG,224,0
Tre Johnson,SG,225,0
Aaron Wiggins,SG/SF,226,0
Ajay Mitchell,PG/SG,227,0
Baylor Scheierman,SG,228,0
Isaiah Jackson,PF/C,229,0
Zaccharie Risacher,SF,230,0
Obi Toppin,PF,231,0
Jaylen Wells,SG/SF,232,0
Klay Thompson,SG/SF,233,0
Ryan Dunn,SF/PF,234,0
Nikola Jovic,PF,235,0
Kasparas Jakucionis,PG,236,0
Jaylin Williams,PF/C,237,0
Marvin Bagley III,PF/C,238,0
Jordan Walsh,SF,239,0
Tristan da Silva,SF/PF,240,0
Keon Ellis,SG/SF,241,0
Gui Santos,SF,242,0
AJ Green,SG,243,0
Paul Reed,PF/C,244,0
Jose Alvarado,PG,245,0
Jeremy Sochan,PF,246,0
Miles McBride,PG/SG,247,0
Ziaire Williams,SG/SF,248,0
Ronald Holland II,SF/PF,249,0
Marcus Smart,PG/SG,250,0
Harrison Barnes,SF/PF,251,0
Terance Mann,SG/SF,252,0
Andre Drummond,C,253,0
Hannes Steinbach,PF,254,0
Sam Merrill,SG,255,0
Ja'Kobe Walter,SG,256,0
Luke Kornet,C,257,0
Clint Capela,C,258,0
Kentavious Caldwell-Pope,SG/SF,259,0
Trayce Jackson-Davis,PF,260,0
Caris LeVert,SG/SF,261,0
Hugo Gonzalez,SF,262,0
Matisse Thybulle,SF,263,0
Rob Dillingham,PG,264,0
Goga Bitadze,C,265,0
Kyle Anderson,SF/PF,266,0
Khris Middleton,SF/PF,267,0
Simone Fontecchio,SF,268,0
Corey Kispert,SG/SF,269,0
Olivier-Maxence Prosper,PF,270,0
Jamal Cain,SF,271,0
Noah Clowney,PF,272,0
Bogdan Bogdanovic,SG/SF,273,0
Bones Hyland,PG,274,0
Adem Bona,C,275,0
Jaxson Hayes,C,276,0
Larry Nance Jr.,PF,277,0
Buddy Hield,SG/SF,278,0
Jarace Walker,SF/PF,279,0
Isaac Okoro,SG/SF,280,0
Cody Williams,SG,281,0
Patrick Williams,PF,282,0
Terrence Shannon Jr.,SG,283,0
Tristan Vukcevic,PF,284,0
Grant Williams,PF,285,0
Trey Lyles,PF,286,0
Kevon Looney,C,287,0
Landry Shamet,SG,288,0
Mouhamed Gueye,PF,289,0
Jordan Clarkson,SG/SF,290,0
Kris Murray,PF,291,0
Gary Trent Jr.,SG/SF,292,0
Tyus Jones,PG,293,0
Dean Wade,PF,294,0
Nate Ament,SF,295,0
Thomas Bryant,C,296,0
Jarred Vanderbilt,SF/PF,297,0
Kenrich Williams,SF,298,0
Liam McNeeley,SF,299,0
Jericho Sims,C,300,0
Zach Collins,C,301,0
Moritz Wagner,C,302,0
Tre Mann,PG/SG,303,0
Asa Newell,PF,304,0
Julian Strawther,SF,305,0
Leonard Miller,SF,306,0
D'Angelo Russell,PG/SG,307,0
Caleb Martin,SG,308,0
Mike Conley,PG,309,0
Ben Sheppard,SG/SF,310,0
Ben Simmons,PG,311,0
Taurean Prince,SF,312,0
Jonathan Mogbo,PF,313,0
Mark Williams,C,314,0
Marcus Sasser,PG,315,0
Jaden Hardy,SG,316,0
Johnny Furphy,SG,317,0
Jalen Wilson,PF,318,0
Jevon Carter,PG,319,0
Dorian Finney-Smith,PF,320,0
Rayan Rupert,SG,321,0
Josh Green,SG,322,0
Shaedon Sharpe,SG/SF,323,0
Steven Adams,C,324,0
Sidy Cissoko,SG,325,0
Jordan Hawkins,SG,326,0
Jaylen Clark,SG,327,0
Jett Howard,SF,328,0
Jordan McLaughlin,PG,329,0
Jonathan Isaac,PF,330,0
Dalton Knecht,SG/SF,331,0
Bronny James,PG/SG,332,0
Koby Brea,SG,333,0
Pat Connaughton,SG,334,0
Kobe Brown,PF,335,0
Mohamed Diawara,PF,336,0
Jae'Sean Tate,SF,337,0
Jase Richardson,SG,338,0
Gary Harris,SG,339,0
Jalen Pickett,PG/SG,340,0
Yang Hansen,C,341,0
Julian Phillips,SF,342,0
Pacome Dadiet,SF,343,0
Moses Moody,SG/SF,344,0
Charles Bassey,C,345,0
Johni Broome,PF,346,0
Donte DiVincenzo,PG/SG,347,0
Noa Essengue,PF,348,0
Chris Boucher,PF/C,349,0
Jordan Miller,SF,350,0
Gabe Vincent,PG,351,0
KJ Martin,SF,352,0
Dwight Powell,C,353,0
Spencer Dinwiddie,PG/SG,354,0
Cam Thomas,SG/SF,355,0
Andre Jackson Jr.,SG,356,0
Cameron Payne,PG,357,0
Delon Wright,PG,358,0
Dariq Whitehead,SF,359,0
Georges Niang,PF,360,0
Cole Anthony,PG/SG,361,0
Jeremiah Robinson-Earl,PF,362,0
Dalen Terry,SF,363,0
Cam Spencer,PG/SG,364,0
Jaden Ivey,PG/SG,365,0
Xavier Tillman,PF,366,0
Caleb Houstan,SF,367,0
Nick Richards,C,368,0
Dario Saric,PF,369,0
Cam Whitmore,SF/PF,370,0
Malaki Branham,SG,371,0
Jaylen Nowell,SG,372,0
Bruce Brown,SG/SF,373,0
Malcolm Brogdon,PG,374,0
Chris Paul,PG,375,0
Joe Ingles,SF,376,0
Maxi Kleber,PF,377,0
Kyle Lowry,PG,378,0
Lonzo Ball,PG/SG,379,0
Jeff Green,PF,380,0
Richaun Holmes,C,381,0
Nicolas Batum,PF,382,0
Eric Gordon,SG,383,0
Kevin Love,PF,384,0
Guerschon Yabusele,PF/C,385,0
Nigel Hayes-Davis,SF,386,0
Garrett Temple,SG,387,0
Hunter Tyson,SF,388,0
Quenton Jackson,PG/SG,389,0
Killian Hayes,PG,390,0
Gary Payton II,SG,391,0
Torrey Craig,PF,392,0
John Konchar,SG,393,0
Garrison Mathews,SG,394,0
Vasilije Micic,PG,395,0
Dante Exum,SG,396,0
Kobe Bufkin,PG,397,0
Ochai Agbaji,SF,398,0
Nick Smith Jr.,SG,399,0
Bol Bol,PF,400,0
Vince Williams Jr.,PG/SG,401,0
Aaron Holiday,PG,402,0
Alec Burks,SG,403,0
Jonas Valanciunas,C,404,0
Mason Plumlee,C,405,0
Drew Eubanks,C,406,0
Dalano Banton,PG,407,0
Kelly Olynyk,C,408,0
Russell Westbrook,PG,409,0
Terry Rozier,PG,410,0
Aday Mara,C,411,0
Dailyn Swain,SG/SF,412,0
Bennett Stirtz,PG/SG,413,0
Ebuka Okorie,PG/SG,414,0
Christian Anderson,PG/SG,415,0
Allen Graves,SF/PF,416,0
Jayden Quaintance,C,417,0
Karim Lopez,SF/PF,418,0
Labaron Philon Jr.,PG/SG,419,0
Zuby Ejiofor,PF/C,420,0
Cameron Carr,PG/SG,421,0
Sergio de Larrea,SG/SF,422,0
Tarris Reed Jr.,C,423,0
Chris Cenac Jr.,PF/C,424,0
Joshua Jefferson,SF/PF,425,0
Alex Karaban,SF/PF,426,0
Koa Peat,SF/PF,427,0
Bruce Thornton,PG/SG,428,0
Richie Saunders,SG/SF,429,0
Isaiah Evans,SG/SF,430,0
Meleek Thomas,PG/SG,431,0
Trevon Brazile,PF/C,432,0
Baba Miller,SF/PF,433,0
Ryan Conwell,PG/SG,434,0
Braden Smith,PG,435,0
Jack Kayil,PG/SG,436,0
Dillon Mitchell,SF/PF,437,0
Otega Oweh,SG/SF,438,0
Ja'Kobi Gillespie,PG/SG,439,0
Tyler Bilodeau,PF/C,440,0
Maliq Brown,PF/C,441,0
Emanuel Sharp,PG/SG,442,0
Felix Okpara,C,443,0
Tyler Nickel,SF/PF,444,0
Tobi Lawal,SF/PF,445,0
Bryce Hopkins,SF/PF,446,0
Jaden Bradley,PG/SG,447,0
Izaiyah Nelson,PF/C,448,0
Henri Veesaar,C,449,0
Ugonna Onyenso,C,450,0
Lajae Jones,PG/SG,451,0
Nick Martinelli,SF/PF,452,0
Vsevolod Ishchenko,SG/SF,453,0
Narcisse Ngoy,SF/PF,454,0
Jaron Pierre Jr.,PG/SG,455,0
Trey Kaufman-Renn,PF/C,456,0
Malique Lewis,SF/PF,457,0
Carter Bryant,SF,458,0
Tacko Fall,C,459,0
Maxime Raynaud,C,460,0
Sandro Mamukelashvili,PF/C,461,0
Pelle Larsson,SG/SF,462,0
Jay Huff,C,463,0
Joan Beringer,C,464,0
Dominick Barlow,PF/C,465,0
Daniss Jenkins,PG,466,0
Will Riley,SF,467,0
Ousmane Dieng,SF,468,0
Tyler Kolek,PG,469,0
Yanic Konan Niederhauser,C,470,0
Nikola Topic,PG,471,0
Dylan Cardwell,C,472,0
Thomas Sorber,C,473,0
